id,name,model_id:id,group_id:id,perm_read,perm_write,perm_create,perm_unlink
access_videojuego_dependiente,videojuego.dependiente,model_gamestore_videojuego,group_gamestore_dependiente,1,0,0,0
access_videojuego_encargado,videojuego.encargado,model_gamestore_videojuego,group_gamestore_encargado,1,1,1,1
access_plataforma_dependiente,plataforma.dependiente,model_gamestore_plataforma,group_gamestore_dependiente,1,0,0,0
access_plataforma_encargado,plataforma.encargado,model_gamestore_plataforma,group_gamestore_encargado,1,1,1,1
access_genero_dependiente,genero.dependiente,model_gamestore_genero,group_gamestore_dependiente,1,0,0,0
access_genero_encargado,genero.encargado,model_gamestore_genero,group_gamestore_encargado,1,1,1,1
access_desarrolladora_dependiente,desarrolladora.dependiente,model_gamestore_desarrolladora,group_gamestore_dependiente,1,0,0,0
access_desarrolladora_encargado,desarrolladora.encargado,model_gamestore_desarrolladora,group_gamestore_encargado,1,1,1,1
access_pedido_dependiente,pedido.dependiente,model_gamestore_pedido,group_gamestore_dependiente,1,1,1,0
access_pedido_encargado,pedido.encargado,model_gamestore_pedido,group_gamestore_encargado,1,1,1,1
access_pedido_linea_dependiente,pedido.linea.dependiente,model_gamestore_pedido_linea,group_gamestore_dependiente,1,1,1,1
access_pedido_linea_encargado,pedido.linea.encargado,model_gamestore_pedido_linea,group_gamestore_encargado,1,1,1,1
access_informe_ventas_encargado,informe.ventas.encargado,model_gamestore_informe_ventas,group_gamestore_encargado,1,0,0,0
access_reponer_wizard_encargado,reponer.wizard.encargado,model_gamestore_reponer_stock_wizard,group_gamestore_encargado,1,1,1,1
access_reponer_wizard_linea_encargado,reponer.wizard.linea.encargado,model_gamestore_reponer_stock_wizard_linea,group_gamestore_encargado,1,1,1,1
access_cancelar_wizard_dependiente,cancelar.wizard.dependiente,model_gamestore_cancelar_pedido_wizard,group_gamestore_dependiente,1,1,1,1
